User_id,Username,Password,Fav_act,Fav_dir,Fav_genre
1,admin,password,annie_potts,john_lasseter,Adventure
75,user75,password,,,
78,user78,password,,,
127,user127,password,,,
170,user170,password,,,
175,user175,password,,,
190,user190,password,,,
267,user267,password,,,
325,user325,password,,,
383,user383,password,,,
476,user476,password,,,
477,user477,password,,,
493,user493,password,,,
498,user498,password,,,
533,user533,password,,,
545,user545,password,,,
548,user548,password,,,
580,user580,password,,,
622,user622,password,,,
636,user636,password,,,
637,user637,password,,,
728,user728,password,,,
732,user732,password,,,
783,user783,password,,,
788,user788,password,,,
894,user894,password,,,
922,user922,password,,,
937,user937,password,,,
1017,user1017,password,,,
1035,user1035,password,,,
1047,user1047,password,,,
1117,user1117,password,,,
1118,user1118,password,,,
1122,user1122,password,,,
1160,user1160,password,,,
1164,user1164,password,,,
1174,user1174,password,,,
1198,user1198,password,,,
1224,user1224,password,,,
1225,user1225,password,,,
1267,user1267,password,,,
1278,user1278,password,,,
1282,user1282,password,,,
1355,user1355,password,,,
1392,user1392,password,,,
1436,user1436,password,,,
1496,user1496,password,,,
1504,user1504,password,,,
1510,user1510,password,,,
1547,user1547,password,,,
1600,user1600,password,,,
1632,user1632,password,,,
1652,user1652,password,,,
1663,user1663,password,,,
1713,user1713,password,,,
1724,user1724,password,,,
1728,user1728,password,,,
1751,user1751,password,,,
1860,user1860,password,,,
1910,user1910,password,,,
1915,user1915,password,,,
1988,user1988,password,,,
2039,user2039,password,,,
2053,user2053,password,,,
2102,user2102,password,,,
2108,user2108,password,,,
2136,user2136,password,,,
2200,user2200,password,,,
2204,user2204,password,,,
2218,user2218,password,,,
2276,user2276,password,,,
2315,user2315,password,,,
2429,user2429,password,,,
2435,user2435,password,,,
2455,user2455,password,,,
2471,user2471,password,,,
2477,user2477,password,,,
2513,user2513,password,,,
2517,user2517,password,,,
2556,user2556,password,,,
2558,user2558,password,,,
2589,user2589,password,,,
2612,user2612,password,,,
2643,user2643,password,,,
2658,user2658,password,,,
2692,user2692,password,,,
2706,user2706,password,,,
2732,user2732,password,,,
2771,user2771,password,,,
2801,user2801,password,,,
2842,user2842,password,,,
2852,user2852,password,,,
2853,user2853,password,,,
2891,user2891,password,,,
2901,user2901,password,,,
2904,user2904,password,,,
2930,user2930,password,,,
3017,user3017,password,,,
3057,user3057,password,,,
3104,user3104,password,,,
3106,user3106,password,,,
3174,user3174,password,,,
3190,user3190,password,,,
3271,user3271,password,,,
3301,user3301,password,,,
3304,user3304,password,,,
3313,user3313,password,,,
3369,user3369,password,,,
3392,user3392,password,,,
3429,user3429,password,,,
3493,user3493,password,,,
3512,user3512,password,,,
3527,user3527,password,,,
3541,user3541,password,,,
3595,user3595,password,,,
3600,user3600,password,,,
3710,user3710,password,,,
3849,user3849,password,,,
3853,user3853,password,,,
3860,user3860,password,,,
3868,user3868,password,,,
3976,user3976,password,,,
4002,user4002,password,,,
4022,user4022,password,,,
4078,user4078,password,,,
4087,user4087,password,,,
4146,user4146,password,,,
4188,user4188,password,,,
4198,user4198,password,,,
4254,user4254,password,,,
4335,user4335,password,,,
4341,user4341,password,,,
4352,user4352,password,,,
4375,user4375,password,,,
4517,user4517,password,,,
4544,user4544,password,,,
4549,user4549,password,,,
4650,user4650,password,,,
4697,user4697,password,,,
4728,user4728,password,,,
4800,user4800,password,,,
4827,user4827,password,,,
4856,user4856,password,,,
4869,user4869,password,,,
4895,user4895,password,,,
4912,user4912,password,,,
4944,user4944,password,,,
5002,user5002,password,,,
5031,user5031,password,,,
5085,user5085,password,,,
5182,user5182,password,,,
5227,user5227,password,,,
5238,user5238,password,,,
5240,user5240,password,,,
5285,user5285,password,,,
5321,user5321,password,,,
5459,user5459,password,,,
5461,user5461,password,,,
5475,user5475,password,,,
5494,user5494,password,,,
5552,user5552,password,,,
5593,user5593,password,,,
5706,user5706,password,,,
5757,user5757,password,,,
5829,user5829,password,,,
5831,user5831,password,,,
5917,user5917,password,,,
5925,user5925,password,,,
5954,user5954,password,,,
5978,user5978,password,,,
6018,user6018,password,,,
6082,user6082,password,,,
6119,user6119,password,,,
6150,user6150,password,,,
6227,user6227,password,,,
6264,user6264,password,,,
6302,user6302,password,,,
6323,user6323,password,,,
6352,user6352,password,,,
6362,user6362,password,,,
6375,user6375,password,,,
6385,user6385,password,,,
6393,user6393,password,,,
6400,user6400,password,,,
6443,user6443,password,,,
6449,user6449,password,,,
6471,user6471,password,,,
6477,user6477,password,,,
6528,user6528,password,,,
6532,user6532,password,,,
6550,user6550,password,,,
6571,user6571,password,,,
6616,user6616,password,,,
6625,user6625,password,,,
6757,user6757,password,,,
6758,user6758,password,,,
6785,user6785,password,,,
6862,user6862,password,,,
6946,user6946,password,,,
6971,user6971,password,,,
7088,user7088,password,,,
7181,user7181,password,,,
7195,user7195,password,,,
7248,user7248,password,,,
7252,user7252,password,,,
7287,user7287,password,,,
7315,user7315,password,,,
7317,user7317,password,,,
7354,user7354,password,,,
7461,user7461,password,,,
7587,user7587,password,,,
7612,user7612,password,,,
7635,user7635,password,,,
7685,user7685,password,,,
7704,user7704,password,,,
7711,user7711,password,,,
7727,user7727,password,,,
7740,user7740,password,,,
7743,user7743,password,,,
7815,user7815,password,,,
7849,user7849,password,,,
7919,user7919,password,,,
8041,user8041,password,,,
8048,user8048,password,,,
8094,user8094,password,,,
8114,user8114,password,,,
8127,user8127,password,,,
8148,user8148,password,,,
8168,user8168,password,,,
8194,user8194,password,,,
8209,user8209,password,,,
8216,user8216,password,,,
8282,user8282,password,,,
8423,user8423,password,,,
8434,user8434,password,,,
8517,user8517,password,,,
8584,user8584,password,,,
8604,user8604,password,,,
8610,user8610,password,,,
8619,user8619,password,,,
8621,user8621,password,,,
8624,user8624,password,,,
8642,user8642,password,,,
8651,user8651,password,,,
8683,user8683,password,,,
8699,user8699,password,,,
8701,user8701,password,,,
8726,user8726,password,,,
8740,user8740,password,,,
8787,user8787,password,,,
8824,user8824,password,,,
8858,user8858,password,,,
8881,user8881,password,,,
8892,user8892,password,,,
8893,user8893,password,,,
8905,user8905,password,,,
8930,user8930,password,,,
8970,user8970,password,,,
8996,user8996,password,,,
9029,user9029,password,,,
9034,user9034,password,,,
9060,user9060,password,,,
9085,user9085,password,,,
9117,user9117,password,,,
9127,user9127,password,,,
9134,user9134,password,,,
9139,user9139,password,,,
9177,user9177,password,,,
9245,user9245,password,,,
9277,user9277,password,,,
9370,user9370,password,,,
9411,user9411,password,,,
9415,user9415,password,,,
9470,user9470,password,,,
9475,user9475,password,,,
9522,user9522,password,,,
9593,user9593,password,,,
9595,user9595,password,,,
9807,user9807,password,,,
9889,user9889,password,,,
10025,user10025,password,,,
10058,user10058,password,,,
10064,user10064,password,,,
10084,user10084,password,,,
10094,user10094,password,,,
10125,user10125,password,,,
10132,user10132,password,,,
10154,user10154,password,,,
10181,user10181,password,,,
10191,user10191,password,,,
10200,user10200,password,,,
10231,user10231,password,,,
10272,user10272,password,,,
10335,user10335,password,,,
10420,user10420,password,,,
10476,user10476,password,,,
10479,user10479,password,,,
10516,user10516,password,,,
10521,user10521,password,,,
10563,user10563,password,,,
10639,user10639,password,,,
10652,user10652,password,,,
10674,user10674,password,,,
10739,user10739,password,,,
10783,user10783,password,,,
10791,user10791,password,,,
10844,user10844,password,,,
10905,user10905,password,,,
10931,user10931,password,,,
10936,user10936,password,,,
10986,user10986,password,,,
11032,user11032,password,,,
11090,user11090,password,,,
11114,user11114,password,,,
11162,user11162,password,,,
11188,user11188,password,,,
11220,user11220,password,,,
11228,user11228,password,,,
11239,user11239,password,,,
11240,user11240,password,,,
11244,user11244,password,,,
11255,user11255,password,,,
11277,user11277,password,,,
11338,user11338,password,,,
11411,user11411,password,,,
11420,user11420,password,,,
11424,user11424,password,,,
11451,user11451,password,,,
11457,user11457,password,,,
11510,user11510,password,,,
11515,user11515,password,,,
11554,user11554,password,,,
11563,user11563,password,,,
11569,user11569,password,,,
11577,user11577,password,,,
11613,user11613,password,,,
11638,user11638,password,,,
11728,user11728,password,,,
11744,user11744,password,,,
11758,user11758,password,,,
11802,user11802,password,,,
11809,user11809,password,,,
11810,user11810,password,,,
11824,user11824,password,,,
11825,user11825,password,,,
11898,user11898,password,,,
11912,user11912,password,,,
11930,user11930,password,,,
11937,user11937,password,,,
12025,user12025,password,,,
12028,user12028,password,,,
12040,user12040,password,,,
12046,user12046,password,,,
12051,user12051,password,,,
12056,user12056,password,,,
12064,user12064,password,,,
12126,user12126,password,,,
12221,user12221,password,,,
12259,user12259,password,,,
12265,user12265,password,,,
12272,user12272,password,,,
12283,user12283,password,,,
12296,user12296,password,,,
12309,user12309,password,,,
12313,user12313,password,,,
12356,user12356,password,,,
12428,user12428,password,,,
12451,user12451,password,,,
12458,user12458,password,,,
12459,user12459,password,,,
12554,user12554,password,,,
12563,user12563,password,,,
12621,user12621,password,,,
12622,user12622,password,,,
12681,user12681,password,,,
12759,user12759,password,,,
12760,user12760,password,,,
12818,user12818,password,,,
12866,user12866,password,,,
12888,user12888,password,,,
12917,user12917,password,,,
12921,user12921,password,,,
12949,user12949,password,,,
12986,user12986,password,,,
13014,user13014,password,,,
13029,user13029,password,,,
13043,user13043,password,,,
13048,user13048,password,,,
13054,user13054,password,,,
13056,user13056,password,,,
13086,user13086,password,,,
13159,user13159,password,,,
13216,user13216,password,,,
13222,user13222,password,,,
13230,user13230,password,,,
13233,user13233,password,,,
13257,user13257,password,,,
13266,user13266,password,,,
13283,user13283,password,,,
13318,user13318,password,,,
13376,user13376,password,,,
13397,user13397,password,,,
13454,user13454,password,,,
13472,user13472,password,,,
13561,user13561,password,,,
13595,user13595,password,,,
13614,user13614,password,,,
13656,user13656,password,,,
13694,user13694,password,,,
13701,user13701,password,,,
13716,user13716,password,,,
13748,user13748,password,,,
13781,user13781,password,,,
13815,user13815,password,,,
13877,user13877,password,,,
13890,user13890,password,,,
13897,user13897,password,,,
13914,user13914,password,,,
13916,user13916,password,,,
13937,user13937,password,,,
13938,user13938,password,,,
13970,user13970,password,,,
14029,user14029,password,,,
14070,user14070,password,,,
14095,user14095,password,,,
14099,user14099,password,,,
14171,user14171,password,,,
14222,user14222,password,,,
14246,user14246,password,,,
14292,user14292,password,,,
14323,user14323,password,,,
14361,user14361,password,,,
14421,user14421,password,,,
14454,user14454,password,,,
14465,user14465,password,,,
14479,user14479,password,,,
14498,user14498,password,,,
14531,user14531,password,,,
14570,user14570,password,,,
14578,user14578,password,,,
14598,user14598,password,,,
14614,user14614,password,,,
14648,user14648,password,,,
14653,user14653,password,,,
14679,user14679,password,,,
14706,user14706,password,,,
14709,user14709,password,,,
14895,user14895,password,,,
14910,user14910,password,,,
14918,user14918,password,,,
14946,user14946,password,,,
14979,user14979,password,,,
15061,user15061,password,,,
15157,user15157,password,,,
15168,user15168,password,,,
15178,user15178,password,,,
15264,user15264,password,,,
15311,user15311,password,,,
15344,user15344,password,,,
15399,user15399,password,,,
15436,user15436,password,,,
15437,user15437,password,,,
15440,user15440,password,,,
15558,user15558,password,,,
15714,user15714,password,,,
15715,user15715,password,,,
15716,user15716,password,,,
15722,user15722,password,,,
15780,user15780,password,,,
15783,user15783,password,,,
15811,user15811,password,,,
15816,user15816,password,,,
15846,user15846,password,,,
15853,user15853,password,,,
15879,user15879,password,,,
15896,user15896,password,,,
15926,user15926,password,,,
15974,user15974,password,,,
16003,user16003,password,,,
16004,user16004,password,,,
16031,user16031,password,,,
16039,user16039,password,,,
16047,user16047,password,,,
16103,user16103,password,,,
16123,user16123,password,,,
16133,user16133,password,,,
16149,user16149,password,,,
16168,user16168,password,,,
16174,user16174,password,,,
16206,user16206,password,,,
16289,user16289,password,,,
16295,user16295,password,,,
16302,user16302,password,,,
16321,user16321,password,,,
16389,user16389,password,,,
16419,user16419,password,,,
16485,user16485,password,,,
16574,user16574,password,,,
16587,user16587,password,,,
16591,user16591,password,,,
16592,user16592,password,,,
16610,user16610,password,,,
16664,user16664,password,,,
16677,user16677,password,,,
16850,user16850,password,,,
16862,user16862,password,,,
16949,user16949,password,,,
16983,user16983,password,,,
16987,user16987,password,,,
17205,user17205,password,,,
17260,user17260,password,,,
17307,user17307,password,,,
17312,user17312,password,,,
17334,user17334,password,,,
17363,user17363,password,,,
17461,user17461,password,,,
17463,user17463,password,,,
17559,user17559,password,,,
17597,user17597,password,,,
17613,user17613,password,,,
17623,user17623,password,,,
17632,user17632,password,,,
17647,user17647,password,,,
17653,user17653,password,,,
17688,user17688,password,,,
17738,user17738,password,,,
17755,user17755,password,,,
17813,user17813,password,,,
17835,user17835,password,,,
17854,user17854,password,,,
17909,user17909,password,,,
17924,user17924,password,,,
17930,user17930,password,,,
17946,user17946,password,,,
17999,user17999,password,,,
18015,user18015,password,,,
18059,user18059,password,,,
18075,user18075,password,,,
18082,user18082,password,,,
18114,user18114,password,,,
18161,user18161,password,,,
18205,user18205,password,,,
18206,user18206,password,,,
18256,user18256,password,,,
18293,user18293,password,,,
18295,user18295,password,,,
18304,user18304,password,,,
18367,user18367,password,,,
18379,user18379,password,,,
18434,user18434,password,,,
18461,user18461,password,,,
18506,user18506,password,,,
18510,user18510,password,,,
18600,user18600,password,,,
18660,user18660,password,,,
18666,user18666,password,,,
18673,user18673,password,,,
18678,user18678,password,,,
18687,user18687,password,,,
18718,user18718,password,,,
18724,user18724,password,,,
18742,user18742,password,,,
18797,user18797,password,,,
18802,user18802,password,,,
18849,user18849,password,,,
18853,user18853,password,,,
18896,user18896,password,,,
18946,user18946,password,,,
18979,user18979,password,,,
18983,user18983,password,,,
19018,user19018,password,,,
19054,user19054,password,,,
19066,user19066,password,,,
19131,user19131,password,,,
19164,user19164,password,,,
19193,user19193,password,,,
19306,user19306,password,,,
19402,user19402,password,,,
19475,user19475,password,,,
19493,user19493,password,,,
19519,user19519,password,,,
19520,user19520,password,,,
19532,user19532,password,,,
19546,user19546,password,,,
19562,user19562,password,,,
19575,user19575,password,,,
19587,user19587,password,,,
19619,user19619,password,,,
19668,user19668,password,,,
19714,user19714,password,,,
19741,user19741,password,,,
19742,user19742,password,,,
19783,user19783,password,,,
19806,user19806,password,,,
19820,user19820,password,,,
19832,user19832,password,,,
19838,user19838,password,,,
19854,user19854,password,,,
19864,user19864,password,,,
19885,user19885,password,,,
19899,user19899,password,,,
19909,user19909,password,,,
19923,user19923,password,,,
19928,user19928,password,,,
19933,user19933,password,,,
19963,user19963,password,,,
19982,user19982,password,,,
19986,user19986,password,,,
20025,user20025,password,,,
20028,user20028,password,,,
20081,user20081,password,,,
20121,user20121,password,,,
20144,user20144,password,,,
20189,user20189,password,,,
20226,user20226,password,,,
20262,user20262,password,,,
20263,user20263,password,,,
20298,user20298,password,,,
20348,user20348,password,,,
20385,user20385,password,,,
20391,user20391,password,,,
20409,user20409,password,,,
20435,user20435,password,,,
20438,user20438,password,,,
20492,user20492,password,,,
20531,user20531,password,,,
20554,user20554,password,,,
20591,user20591,password,,,
20606,user20606,password,,,
20699,user20699,password,,,
20709,user20709,password,,,
20734,user20734,password,,,
20758,user20758,password,,,
20812,user20812,password,,,
20832,user20832,password,,,
20897,user20897,password,,,
20938,user20938,password,,,
20974,user20974,password,,,
21052,user21052,password,,,
21055,user21055,password,,,
21101,user21101,password,,,
21171,user21171,password,,,
21184,user21184,password,,,
21188,user21188,password,,,
21237,user21237,password,,,
21244,user21244,password,,,
21272,user21272,password,,,
21277,user21277,password,,,
21374,user21374,password,,,
21439,user21439,password,,,
21488,user21488,password,,,
21513,user21513,password,,,
21522,user21522,password,,,
21523,user21523,password,,,
21558,user21558,password,,,
21624,user21624,password,,,
21655,user21655,password,,,
21668,user21668,password,,,
21672,user21672,password,,,
21691,user21691,password,,,
21693,user21693,password,,,
21699,user21699,password,,,
21708,user21708,password,,,
21712,user21712,password,,,
21767,user21767,password,,,
21835,user21835,password,,,
21838,user21838,password,,,
21872,user21872,password,,,
21947,user21947,password,,,
22035,user22035,password,,,
22061,user22061,password,,,
22066,user22066,password,,,
22125,user22125,password,,,
22198,user22198,password,,,
22206,user22206,password,,,
22278,user22278,password,,,
22371,user22371,password,,,
22386,user22386,password,,,
22453,user22453,password,,,
22461,user22461,password,,,
22479,user22479,password,,,
22609,user22609,password,,,
22616,user22616,password,,,
22701,user22701,password,,,
22712,user22712,password,,,
22723,user22723,password,,,
22798,user22798,password,,,
22815,user22815,password,,,
22869,user22869,password,,,
22872,user22872,password,,,
22931,user22931,password,,,
22936,user22936,password,,,
22957,user22957,password,,,
22961,user22961,password,,,
23032,user23032,password,,,
23087,user23087,password,,,
23129,user23129,password,,,
23172,user23172,password,,,
23228,user23228,password,,,
23260,user23260,password,,,
23318,user23318,password,,,
23360,user23360,password,,,
23386,user23386,password,,,
23388,user23388,password,,,
23422,user23422,password,,,
23423,user23423,password,,,
23437,user23437,password,,,
23473,user23473,password,,,
23561,user23561,password,,,
23581,user23581,password,,,
23634,user23634,password,,,
23647,user23647,password,,,
23712,user23712,password,,,
23717,user23717,password,,,
23733,user23733,password,,,
23753,user23753,password,,,
23850,user23850,password,,,
23858,user23858,password,,,
23862,user23862,password,,,
23865,user23865,password,,,
23910,user23910,password,,,
23947,user23947,password,,,
23953,user23953,password,,,
23988,user23988,password,,,
24014,user24014,password,,,
24026,user24026,password,,,
24039,user24039,password,,,
24072,user24072,password,,,
24104,user24104,password,,,
24132,user24132,password,,,
24171,user24171,password,,,
24221,user24221,password,,,
24230,user24230,password,,,
24231,user24231,password,,,
24234,user24234,password,,,
24240,user24240,password,,,
24263,user24263,password,,,
24386,user24386,password,,,
24423,user24423,password,,,
24476,user24476,password,,,
24495,user24495,password,,,
24515,user24515,password,,,
24517,user24517,password,,,
24560,user24560,password,,,
24573,user24573,password,,,
24592,user24592,password,,,
24653,user24653,password,,,
24668,user24668,password,,,
24695,user24695,password,,,
24708,user24708,password,,,
24793,user24793,password,,,
24885,user24885,password,,,
24929,user24929,password,,,
24954,user24954,password,,,
25007,user25007,password,,,
25038,user25038,password,,,
25055,user25055,password,,,
25097,user25097,password,,,
25122,user25122,password,,,
25197,user25197,password,,,
25244,user25244,password,,,
25248,user25248,password,,,
25286,user25286,password,,,
25359,user25359,password,,,
25388,user25388,password,,,
25408,user25408,password,,,
25411,user25411,password,,,
25412,user25412,password,,,
25570,user25570,password,,,
25649,user25649,password,,,
25679,user25679,password,,,
25686,user25686,password,,,
25712,user25712,password,,,
25723,user25723,password,,,
25730,user25730,password,,,
25752,user25752,password,,,
25801,user25801,password,,,
25831,user25831,password,,,
25867,user25867,password,,,
25887,user25887,password,,,
25889,user25889,password,,,
25907,user25907,password,,,
25913,user25913,password,,,
25915,user25915,password,,,
25976,user25976,password,,,
26007,user26007,password,,,
26048,user26048,password,,,
26116,user26116,password,,,
26136,user26136,password,,,
26138,user26138,password,,,
26152,user26152,password,,,
26154,user26154,password,,,
26242,user26242,password,,,
26243,user26243,password,,,
26316,user26316,password,,,
26356,user26356,password,,,
26487,user26487,password,,,
26528,user26528,password,,,
26582,user26582,password,,,
26589,user26589,password,,,
26617,user26617,password,,,
26624,user26624,password,,,
26674,user26674,password,,,
26692,user26692,password,,,
26704,user26704,password,,,
26733,user26733,password,,,
26734,user26734,password,,,
26738,user26738,password,,,
26740,user26740,password,,,
26765,user26765,password,,,
26819,user26819,password,,,
26873,user26873,password,,,
26920,user26920,password,,,
26964,user26964,password,,,
26987,user26987,password,,,
27072,user27072,password,,,
27089,user27089,password,,,
27112,user27112,password,,,
27115,user27115,password,,,
27152,user27152,password,,,
27164,user27164,password,,,
27238,user27238,password,,,
27297,user27297,password,,,
27302,user27302,password,,,
27306,user27306,password,,,
27313,user27313,password,,,
27350,user27350,password,,,
27363,user27363,password,,,
27464,user27464,password,,,
27620,user27620,password,,,
27626,user27626,password,,,
27648,user27648,password,,,
27662,user27662,password,,,
27685,user27685,password,,,
27713,user27713,password,,,
27743,user27743,password,,,
27773,user27773,password,,,
27778,user27778,password,,,
27935,user27935,password,,,
27947,user27947,password,,,
27951,user27951,password,,,
28001,user28001,password,,,
28039,user28039,password,,,
28048,user28048,password,,,
28082,user28082,password,,,
28101,user28101,password,,,
28105,user28105,password,,,
28122,user28122,password,,,
28129,user28129,password,,,
28180,user28180,password,,,
28199,user28199,password,,,
28292,user28292,password,,,
28299,user28299,password,,,
28317,user28317,password,,,
28342,user28342,password,,,
28350,user28350,password,,,
28384,user28384,password,,,
28452,user28452,password,,,
28492,user28492,password,,,
28496,user28496,password,,,
28508,user28508,password,,,
28521,user28521,password,,,
28581,user28581,password,,,
28642,user28642,password,,,
28645,user28645,password,,,
28653,user28653,password,,,
28665,user28665,password,,,
28798,user28798,password,,,
28830,user28830,password,,,
28842,user28842,password,,,
28855,user28855,password,,,
28875,user28875,password,,,
28962,user28962,password,,,
29061,user29061,password,,,
29202,user29202,password,,,
29225,user29225,password,,,
29343,user29343,password,,,
29369,user29369,password,,,
29401,user29401,password,,,
29421,user29421,password,,,
29435,user29435,password,,,
29442,user29442,password,,,
29501,user29501,password,,,
29508,user29508,password,,,
29538,user29538,password,,,
29592,user29592,password,,,
29616,user29616,password,,,
29658,user29658,password,,,
29680,user29680,password,,,
29727,user29727,password,,,
29801,user29801,password,,,
29892,user29892,password,,,
29942,user29942,password,,,
29947,user29947,password,,,
29948,user29948,password,,,
29985,user29985,password,,,
30049,user30049,password,,,
30139,user30139,password,,,
30167,user30167,password,,,
30174,user30174,password,,,
30210,user30210,password,,,
30225,user30225,password,,,
30274,user30274,password,,,
30275,user30275,password,,,
30286,user30286,password,,,
30465,user30465,password,,,
30490,user30490,password,,,
30491,user30491,password,,,
30500,user30500,password,,,
30547,user30547,password,,,
30613,user30613,password,,,
30627,user30627,password,,,
30687,user30687,password,,,
30836,user30836,password,,,
30840,user30840,password,,,
30846,user30846,password,,,
30849,user30849,password,,,
30864,user30864,password,,,
30879,user30879,password,,,
30886,user30886,password,,,
30897,user30897,password,,,
30938,user30938,password,,,
30950,user30950,password,,,
30972,user30972,password,,,
30977,user30977,password,,,
30980,user30980,password,,,
31040,user31040,password,,,
31088,user31088,password,,,
31098,user31098,password,,,
31104,user31104,password,,,
31156,user31156,password,,,
31170,user31170,password,,,
31175,user31175,password,,,
31179,user31179,password,,,
31193,user31193,password,,,
31209,user31209,password,,,
31221,user31221,password,,,
31296,user31296,password,,,
31309,user31309,password,,,
31317,user31317,password,,,
31375,user31375,password,,,
31468,user31468,password,,,
31523,user31523,password,,,
31682,user31682,password,,,
31784,user31784,password,,,
31786,user31786,password,,,
31789,user31789,password,,,
31813,user31813,password,,,
31820,user31820,password,,,
31854,user31854,password,,,
31879,user31879,password,,,
31911,user31911,password,,,
31937,user31937,password,,,
31949,user31949,password,,,
32011,user32011,password,,,
32021,user32021,password,,,
32031,user32031,password,,,
32035,user32035,password,,,
32195,user32195,password,,,
32283,user32283,password,,,
32293,user32293,password,,,
32294,user32294,password,,,
32299,user32299,password,,,
32308,user32308,password,,,
32357,user32357,password,,,
32369,user32369,password,,,
32406,user32406,password,,,
32411,user32411,password,,,
32412,user32412,password,,,
32445,user32445,password,,,
32508,user32508,password,,,
32512,user32512,password,,,
32521,user32521,password,,,
32536,user32536,password,,,
32538,user32538,password,,,
32634,user32634,password,,,
32656,user32656,password,,,
32663,user32663,password,,,
32736,user32736,password,,,
32747,user32747,password,,,
32791,user32791,password,,,
32831,user32831,password,,,
32861,user32861,password,,,
32919,user32919,password,,,
32931,user32931,password,,,
32997,user32997,password,,,
33008,user33008,password,,,
33052,user33052,password,,,
33126,user33126,password,,,
33139,user33139,password,,,
33141,user33141,password,,,
33171,user33171,password,,,
33202,user33202,password,,,
33222,user33222,password,,,
33238,user33238,password,,,
33240,user33240,password,,,
33251,user33251,password,,,
33285,user33285,password,,,
33349,user33349,password,,,
33384,user33384,password,,,
33477,user33477,password,,,
33481,user33481,password,,,
33522,user33522,password,,,
33528,user33528,password,,,
33577,user33577,password,,,
33579,user33579,password,,,
33764,user33764,password,,,
33770,user33770,password,,,
33780,user33780,password,,,
33784,user33784,password,,,
33797,user33797,password,,,
33843,user33843,password,,,
33866,user33866,password,,,
33880,user33880,password,,,
33943,user33943,password,,,
33994,user33994,password,,,
34101,user34101,password,,,
34145,user34145,password,,,
34157,user34157,password,,,
34196,user34196,password,,,
34197,user34197,password,,,
34225,user34225,password,,,
34226,user34226,password,,,
34295,user34295,password,,,
34329,user34329,password,,,
34334,user34334,password,,,
34368,user34368,password,,,
34374,user34374,password,,,
34384,user34384,password,,,
34405,user34405,password,,,
34420,user34420,password,,,
34579,user34579,password,,,
34671,user34671,password,,,
34680,user34680,password,,,
34687,user34687,password,,,
34704,user34704,password,,,
34713,user34713,password,,,
34740,user34740,password,,,
34755,user34755,password,,,
34765,user34765,password,,,
34783,user34783,password,,,
34796,user34796,password,,,
34857,user34857,password,,,
34881,user34881,password,,,
34906,user34906,password,,,
34958,user34958,password,,,
35002,user35002,password,,,
35051,user35051,password,,,
35057,user35057,password,,,
35069,user35069,password,,,
35105,user35105,password,,,
35141,user35141,password,,,
35160,user35160,password,,,
35211,user35211,password,,,
35223,user35223,password,,,
35272,user35272,password,,,
35335,user35335,password,,,
35345,user35345,password,,,
35373,user35373,password,,,
35408,user35408,password,,,
35455,user35455,password,,,
35461,user35461,password,,,
35488,user35488,password,,,
35530,user35530,password,,,
35553,user35553,password,,,
35568,user35568,password,,,
35601,user35601,password,,,
35622,user35622,password,,,
35660,user35660,password,,,
35665,user35665,password,,,
35703,user35703,password,,,
35779,user35779,password,,,
35785,user35785,password,,,
35814,user35814,password,,,
35886,user35886,password,,,
35899,user35899,password,,,
36004,user36004,password,,,
36049,user36049,password,,,
36060,user36060,password,,,
36063,user36063,password,,,
36082,user36082,password,,,
36151,user36151,password,,,
36154,user36154,password,,,
36243,user36243,password,,,
36280,user36280,password,,,
36286,user36286,password,,,
36292,user36292,password,,,
36294,user36294,password,,,
36306,user36306,password,,,
36347,user36347,password,,,
36450,user36450,password,,,
36495,user36495,password,,,
36527,user36527,password,,,
36538,user36538,password,,,
36548,user36548,password,,,
36553,user36553,password,,,
36558,user36558,password,,,
36559,user36559,password,,,
36600,user36600,password,,,
36619,user36619,password,,,
36632,user36632,password,,,
36655,user36655,password,,,
36659,user36659,password,,,
36663,user36663,password,,,
36688,user36688,password,,,
36719,user36719,password,,,
36743,user36743,password,,,
36784,user36784,password,,,
36802,user36802,password,,,
36803,user36803,password,,,
36907,user36907,password,,,
36931,user36931,password,,,
36937,user36937,password,,,
36969,user36969,password,,,
37001,user37001,password,,,
37025,user37025,password,,,
37037,user37037,password,,,
37098,user37098,password,,,
37195,user37195,password,,,
37216,user37216,password,,,
37217,user37217,password,,,
37225,user37225,password,,,
37321,user37321,password,,,
37419,user37419,password,,,
37528,user37528,password,,,
37568,user37568,password,,,
37580,user37580,password,,,
37713,user37713,password,,,
37782,user37782,password,,,
37786,user37786,password,,,
37820,user37820,password,,,
37857,user37857,password,,,
37882,user37882,password,,,
37899,user37899,password,,,
37934,user37934,password,,,
37957,user37957,password,,,
37987,user37987,password,,,
38047,user38047,password,,,
38093,user38093,password,,,
38111,user38111,password,,,
38119,user38119,password,,,
38256,user38256,password,,,
38281,user38281,password,,,
38340,user38340,password,,,
38348,user38348,password,,,
38373,user38373,password,,,
38390,user38390,password,,,
38396,user38396,password,,,
38435,user38435,password,,,
38437,user38437,password,,,
38527,user38527,password,,,
38646,user38646,password,,,
38662,user38662,password,,,
38664,user38664,password,,,
38690,user38690,password,,,
38722,user38722,password,,,
38726,user38726,password,,,
38740,user38740,password,,,
38745,user38745,password,,,
38765,user38765,password,,,
38801,user38801,password,,,
38854,user38854,password,,,
38875,user38875,password,,,
38882,user38882,password,,,
38889,user38889,password,,,
38914,user38914,password,,,
38927,user38927,password,,,
38934,user38934,password,,,
39033,user39033,password,,,
39047,user39047,password,,,
39065,user39065,password,,,
39082,user39082,password,,,
39156,user39156,password,,,
39177,user39177,password,,,
39262,user39262,password,,,
39272,user39272,password,,,
39282,user39282,password,,,
39320,user39320,password,,,
39362,user39362,password,,,
39390,user39390,password,,,
39393,user39393,password,,,
39463,user39463,password,,,
39480,user39480,password,,,
39513,user39513,password,,,
39524,user39524,password,,,
39594,user39594,password,,,
39599,user39599,password,,,
39607,user39607,password,,,
39608,user39608,password,,,
39617,user39617,password,,,
39677,user39677,password,,,
39689,user39689,password,,,
39746,user39746,password,,,
39799,user39799,password,,,
39803,user39803,password,,,
39861,user39861,password,,,
39897,user39897,password,,,
39904,user39904,password,,,
39935,user39935,password,,,
39981,user39981,password,,,
39985,user39985,password,,,
40003,user40003,password,,,
40033,user40033,password,,,
40101,user40101,password,,,
40136,user40136,password,,,
40236,user40236,password,,,
40260,user40260,password,,,
40282,user40282,password,,,
40284,user40284,password,,,
40328,user40328,password,,,
40375,user40375,password,,,
40421,user40421,password,,,
40456,user40456,password,,,
40457,user40457,password,,,
40465,user40465,password,,,
40512,user40512,password,,,
40648,user40648,password,,,
40664,user40664,password,,,
40703,user40703,password,,,
40719,user40719,password,,,
40737,user40737,password,,,
40743,user40743,password,,,
40810,user40810,password,,,
40826,user40826,password,,,
40827,user40827,password,,,
40837,user40837,password,,,
40855,user40855,password,,,
40863,user40863,password,,,
40872,user40872,password,,,
40895,user40895,password,,,
40930,user40930,password,,,
41000,user41000,password,,,
41027,user41027,password,,,
41066,user41066,password,,,
41103,user41103,password,,,
41130,user41130,password,,,
41154,user41154,password,,,
41178,user41178,password,,,
41201,user41201,password,,,
41234,user41234,password,,,
41258,user41258,password,,,
41335,user41335,password,,,
41391,user41391,password,,,
41394,user41394,password,,,
41443,user41443,password,,,
41464,user41464,password,,,
41468,user41468,password,,,
41573,user41573,password,,,
41622,user41622,password,,,
41688,user41688,password,,,
41726,user41726,password,,,
41727,user41727,password,,,
41740,user41740,password,,,
41822,user41822,password,,,
41838,user41838,password,,,
41859,user41859,password,,,
41946,user41946,password,,,
42054,user42054,password,,,
42059,user42059,password,,,
42104,user42104,password,,,
42122,user42122,password,,,
42154,user42154,password,,,
42164,user42164,password,,,
42201,user42201,password,,,
42237,user42237,password,,,
42337,user42337,password,,,
42356,user42356,password,,,
42411,user42411,password,,,
42437,user42437,password,,,
42445,user42445,password,,,
42490,user42490,password,,,
42551,user42551,password,,,
42552,user42552,password,,,
42582,user42582,password,,,
42664,user42664,password,,,
42688,user42688,password,,,
42773,user42773,password,,,
42789,user42789,password,,,
42888,user42888,password,,,
42908,user42908,password,,,
42966,user42966,password,,,
43004,user43004,password,,,
43017,user43017,password,,,
43102,user43102,password,,,
43108,user43108,password,,,
43113,user43113,password,,,
43189,user43189,password,,,
43205,user43205,password,,,
43213,user43213,password,,,
43281,user43281,password,,,
43350,user43350,password,,,
43353,user43353,password,,,
43397,user43397,password,,,
43449,user43449,password,,,
43501,user43501,password,,,
43527,user43527,password,,,
43591,user43591,password,,,
43603,user43603,password,,,
43640,user43640,password,,,
43699,user43699,password,,,
43700,user43700,password,,,
43706,user43706,password,,,
43718,user43718,password,,,
43726,user43726,password,,,
43779,user43779,password,,,
43797,user43797,password,,,
43867,user43867,password,,,
43883,user43883,password,,,
43948,user43948,password,,,
43994,user43994,password,,,
44038,user44038,password,,,
44041,user44041,password,,,
44068,user44068,password,,,
44117,user44117,password,,,
44129,user44129,password,,,
44157,user44157,password,,,
44264,user44264,password,,,
44285,user44285,password,,,
44287,user44287,password,,,
44294,user44294,password,,,
44297,user44297,password,,,
44361,user44361,password,,,
44404,user44404,password,,,
44446,user44446,password,,,
44485,user44485,password,,,
44495,user44495,password,,,
44567,user44567,password,,,
44706,user44706,password,,,
44730,user44730,password,,,
44744,user44744,password,,,
44847,user44847,password,,,
45049,user45049,password,,,
45050,user45050,password,,,
45070,user45070,password,,,
45120,user45120,password,,,
45129,user45129,password,,,
45187,user45187,password,,,
45220,user45220,password,,,
45236,user45236,password,,,
45257,user45257,password,,,
45277,user45277,password,,,
45286,user45286,password,,,
45290,user45290,password,,,
45314,user45314,password,,,
45356,user45356,password,,,
45478,user45478,password,,,
45583,user45583,password,,,
45586,user45586,password,,,
45642,user45642,password,,,
45656,user45656,password,,,
45881,user45881,password,,,
45938,user45938,password,,,
45987,user45987,password,,,
46033,user46033,password,,,
46085,user46085,password,,,
46116,user46116,password,,,
46126,user46126,password,,,
46257,user46257,password,,,
46272,user46272,password,,,
46369,user46369,password,,,
46407,user46407,password,,,
46441,user46441,password,,,
46449,user46449,password,,,
46494,user46494,password,,,
46523,user46523,password,,,
46536,user46536,password,,,
46586,user46586,password,,,
46603,user46603,password,,,
46624,user46624,password,,,
46640,user46640,password,,,
46641,user46641,password,,,
46655,user46655,password,,,
46656,user46656,password,,,
46672,user46672,password,,,
46695,user46695,password,,,
46754,user46754,password,,,
46762,user46762,password,,,
46786,user46786,password,,,
46804,user46804,password,,,
46824,user46824,password,,,
46840,user46840,password,,,
46890,user46890,password,,,
46964,user46964,password,,,
46979,user46979,password,,,
46985,user46985,password,,,
47002,user47002,password,,,
47040,user47040,password,,,
47065,user47065,password,,,
47104,user47104,password,,,
47165,user47165,password,,,
47179,user47179,password,,,
47249,user47249,password,,,
47267,user47267,password,,,
47302,user47302,password,,,
47384,user47384,password,,,
47398,user47398,password,,,
47438,user47438,password,,,
47448,user47448,password,,,
47526,user47526,password,,,
47592,user47592,password,,,
47613,user47613,password,,,
47677,user47677,password,,,
47711,user47711,password,,,
47717,user47717,password,,,
47719,user47719,password,,,
47768,user47768,password,,,
47780,user47780,password,,,
47800,user47800,password,,,
47911,user47911,password,,,
47933,user47933,password,,,
47999,user47999,password,,,
48006,user48006,password,,,
48011,user48011,password,,,
48038,user48038,password,,,
48052,user48052,password,,,
48076,user48076,password,,,
48117,user48117,password,,,
48128,user48128,password,,,
48167,user48167,password,,,
48280,user48280,password,,,
48290,user48290,password,,,
48316,user48316,password,,,
48326,user48326,password,,,
48337,user48337,password,,,
48357,user48357,password,,,
48370,user48370,password,,,
48395,user48395,password,,,
48454,user48454,password,,,
48506,user48506,password,,,
48534,user48534,password,,,
48641,user48641,password,,,
48674,user48674,password,,,
48717,user48717,password,,,
48726,user48726,password,,,
48743,user48743,password,,,
48776,user48776,password,,,
48802,user48802,password,,,
48803,user48803,password,,,
48856,user48856,password,,,
48911,user48911,password,,,
48919,user48919,password,,,
48920,user48920,password,,,
48933,user48933,password,,,
49032,user49032,password,,,
49065,user49065,password,,,
49143,user49143,password,,,
49148,user49148,password,,,
49236,user49236,password,,,
49265,user49265,password,,,
49270,user49270,password,,,
49308,user49308,password,,,
49334,user49334,password,,,
49361,user49361,password,,,
49365,user49365,password,,,
49370,user49370,password,,,
49383,user49383,password,,,
49527,user49527,password,,,
49582,user49582,password,,,
49606,user49606,password,,,
49626,user49626,password,,,
49696,user49696,password,,,
49838,user49838,password,,,
49879,user49879,password,,,
49913,user49913,password,,,
49935,user49935,password,,,
49996,user49996,password,,,
50041,user50041,password,,,
50156,user50156,password,,,
50160,user50160,password,,,
50265,user50265,password,,,
50295,user50295,password,,,
50324,user50324,password,,,
50377,user50377,password,,,
50383,user50383,password,,,
50464,user50464,password,,,
50510,user50510,password,,,
50533,user50533,password,,,
50543,user50543,password,,,
50604,user50604,password,,,
50606,user50606,password,,,
50607,user50607,password,,,
50670,user50670,password,,,
50695,user50695,password,,,
50733,user50733,password,,,
50783,user50783,password,,,
50818,user50818,password,,,
50846,user50846,password,,,
50847,user50847,password,,,
50888,user50888,password,,,
50893,user50893,password,,,
50949,user50949,password,,,
50970,user50970,password,,,
50992,user50992,password,,,
51021,user51021,password,,,
51025,user51025,password,,,
51033,user51033,password,,,
51045,user51045,password,,,
51086,user51086,password,,,
51167,user51167,password,,,
51168,user51168,password,,,
51191,user51191,password,,,
51198,user51198,password,,,
51213,user51213,password,,,
51218,user51218,password,,,
51230,user51230,password,,,
51232,user51232,password,,,
51284,user51284,password,,,
51301,user51301,password,,,
51333,user51333,password,,,
51336,user51336,password,,,
51361,user51361,password,,,
51373,user51373,password,,,
51378,user51378,password,,,
51441,user51441,password,,,
51448,user51448,password,,,
51466,user51466,password,,,
51494,user51494,password,,,
51499,user51499,password,,,
51527,user51527,password,,,
51603,user51603,password,,,
51615,user51615,password,,,
51673,user51673,password,,,
51687,user51687,password,,,
51692,user51692,password,,,
51699,user51699,password,,,
51707,user51707,password,,,
51761,user51761,password,,,
51832,user51832,password,,,
51901,user51901,password,,,
51954,user51954,password,,,
51972,user51972,password,,,
52000,user52000,password,,,
52004,user52004,password,,,
52021,user52021,password,,,
52076,user52076,password,,,
52129,user52129,password,,,
52136,user52136,password,,,
52147,user52147,password,,,
52180,user52180,password,,,
52235,user52235,password,,,
52298,user52298,password,,,
52305,user52305,password,,,
52328,user52328,password,,,
52364,user52364,password,,,
52365,user52365,password,,,
52379,user52379,password,,,
52427,user52427,password,,,
52459,user52459,password,,,
52481,user52481,password,,,
52510,user52510,password,,,
52572,user52572,password,,,
52576,user52576,password,,,
52580,user52580,password,,,
52591,user52591,password,,,
52592,user52592,password,,,
52610,user52610,password,,,
52648,user52648,password,,,
52678,user52678,password,,,
52707,user52707,password,,,
52722,user52722,password,,,
52751,user52751,password,,,
52806,user52806,password,,,
52827,user52827,password,,,
52834,user52834,password,,,
52870,user52870,password,,,
52882,user52882,password,,,
52906,user52906,password,,,
52961,user52961,password,,,
52983,user52983,password,,,
53022,user53022,password,,,
53042,user53042,password,,,
53045,user53045,password,,,
53059,user53059,password,,,
53192,user53192,password,,,
53241,user53241,password,,,
53315,user53315,password,,,
53379,user53379,password,,,
53382,user53382,password,,,
53429,user53429,password,,,
53558,user53558,password,,,
53565,user53565,password,,,
53610,user53610,password,,,
53667,user53667,password,,,
53849,user53849,password,,,
53859,user53859,password,,,
53996,user53996,password,,,
54017,user54017,password,,,
54060,user54060,password,,,
54066,user54066,password,,,
54087,user54087,password,,,
54113,user54113,password,,,
54129,user54129,password,,,
54142,user54142,password,,,
54152,user54152,password,,,
54193,user54193,password,,,
54217,user54217,password,,,
54250,user54250,password,,,
54262,user54262,password,,,
54274,user54274,password,,,
54316,user54316,password,,,
54371,user54371,password,,,
54376,user54376,password,,,
54503,user54503,password,,,
54528,user54528,password,,,
54650,user54650,password,,,
54716,user54716,password,,,
54730,user54730,password,,,
54767,user54767,password,,,
54786,user54786,password,,,
54817,user54817,password,,,
54876,user54876,password,,,
54980,user54980,password,,,
55113,user55113,password,,,
55124,user55124,password,,,
55193,user55193,password,,,
55197,user55197,password,,,
55211,user55211,password,,,
55236,user55236,password,,,
55277,user55277,password,,,
55280,user55280,password,,,
55290,user55290,password,,,
55315,user55315,password,,,
55327,user55327,password,,,
55403,user55403,password,,,
55414,user55414,password,,,
55468,user55468,password,,,
55491,user55491,password,,,
55560,user55560,password,,,
55590,user55590,password,,,
55620,user55620,password,,,
55645,user55645,password,,,
55699,user55699,password,,,
55737,user55737,password,,,
55762,user55762,password,,,
55790,user55790,password,,,
55840,user55840,password,,,
55841,user55841,password,,,
55865,user55865,password,,,
55899,user55899,password,,,
55909,user55909,password,,,
55935,user55935,password,,,
55936,user55936,password,,,
55992,user55992,password,,,
56016,user56016,password,,,
56030,user56030,password,,,
56044,user56044,password,,,
56091,user56091,password,,,
56124,user56124,password,,,
56147,user56147,password,,,
56200,user56200,password,,,
56281,user56281,password,,,
56345,user56345,password,,,
56354,user56354,password,,,
56472,user56472,password,,,
56535,user56535,password,,,
56561,user56561,password,,,
56596,user56596,password,,,
56620,user56620,password,,,
56669,user56669,password,,,
56686,user56686,password,,,
56758,user56758,password,,,
56811,user56811,password,,,
56896,user56896,password,,,
56915,user56915,password,,,
56950,user56950,password,,,
56959,user56959,password,,,
57010,user57010,password,,,
57018,user57018,password,,,
57022,user57022,password,,,
57035,user57035,password,,,
57050,user57050,password,,,
57082,user57082,password,,,
57097,user57097,password,,,
57120,user57120,password,,,
57127,user57127,password,,,
57138,user57138,password,,,
57249,user57249,password,,,
57274,user57274,password,,,
57380,user57380,password,,,
57420,user57420,password,,,
57464,user57464,password,,,
57475,user57475,password,,,
57512,user57512,password,,,
57606,user57606,password,,,
57620,user57620,password,,,
57637,user57637,password,,,
57696,user57696,password,,,
57782,user57782,password,,,
57835,user57835,password,,,
57912,user57912,password,,,
57928,user57928,password,,,
57973,user57973,password,,,
57977,user57977,password,,,
58001,user58001,password,,,
58019,user58019,password,,,
58087,user58087,password,,,
58089,user58089,password,,,
58160,user58160,password,,,
58174,user58174,password,,,
58203,user58203,password,,,
58417,user58417,password,,,
58470,user58470,password,,,
58554,user58554,password,,,
58561,user58561,password,,,
58567,user58567,password,,,
58577,user58577,password,,,
58600,user58600,password,,,
58601,user58601,password,,,
58604,user58604,password,,,
58613,user58613,password,,,
58657,user58657,password,,,
58686,user58686,password,,,
58693,user58693,password,,,
58709,user58709,password,,,
58747,user58747,password,,,
58763,user58763,password,,,
58842,user58842,password,,,
58846,user58846,password,,,
58895,user58895,password,,,
59012,user59012,password,,,
59050,user59050,password,,,
59078,user59078,password,,,
59082,user59082,password,,,
59086,user59086,password,,,
59092,user59092,password,,,
59148,user59148,password,,,
59165,user59165,password,,,
59182,user59182,password,,,
59219,user59219,password,,,
59299,user59299,password,,,
59311,user59311,password,,,
59327,user59327,password,,,
59349,user59349,password,,,
59355,user59355,password,,,
59358,user59358,password,,,
59389,user59389,password,,,
59390,user59390,password,,,
59401,user59401,password,,,
59433,user59433,password,,,
59444,user59444,password,,,
59462,user59462,password,,,
59468,user59468,password,,,
59474,user59474,password,,,
59496,user59496,password,,,
59499,user59499,password,,,
59527,user59527,password,,,
59529,user59529,password,,,
59557,user59557,password,,,
59577,user59577,password,,,
59677,user59677,password,,,
59686,user59686,password,,,
59708,user59708,password,,,
59750,user59750,password,,,
59771,user59771,password,,,
59889,user59889,password,,,
59894,user59894,password,,,
59995,user59995,password,,,
59999,user59999,password,,,
60002,user60002,password,,,
60051,user60051,password,,,
60072,user60072,password,,,
60158,user60158,password,,,
60166,user60166,password,,,
60170,user60170,password,,,
60182,user60182,password,,,
60190,user60190,password,,,
60195,user60195,password,,,
60229,user60229,password,,,
60259,user60259,password,,,
60296,user60296,password,,,
60303,user60303,password,,,
60307,user60307,password,,,
60316,user60316,password,,,
60319,user60319,password,,,
60323,user60323,password,,,
60325,user60325,password,,,
60331,user60331,password,,,
60334,user60334,password,,,
60374,user60374,password,,,
60450,user60450,password,,,
60510,user60510,password,,,
60515,user60515,password,,,
60556,user60556,password,,,
60564,user60564,password,,,
60661,user60661,password,,,
60670,user60670,password,,,
60692,user60692,password,,,
60693,user60693,password,,,
60713,user60713,password,,,
60716,user60716,password,,,
60798,user60798,password,,,
60863,user60863,password,,,
60890,user60890,password,,,
60891,user60891,password,,,
60901,user60901,password,,,
60958,user60958,password,,,
60963,user60963,password,,,
60971,user60971,password,,,
61020,user61020,password,,,
61137,user61137,password,,,
61235,user61235,password,,,
61240,user61240,password,,,
61352,user61352,password,,,
61379,user61379,password,,,
61381,user61381,password,,,
61400,user61400,password,,,
61436,user61436,password,,,
61502,user61502,password,,,
61544,user61544,password,,,
61592,user61592,password,,,
61674,user61674,password,,,
61700,user61700,password,,,
61805,user61805,password,,,
61836,user61836,password,,,
61869,user61869,password,,,
61875,user61875,password,,,
61878,user61878,password,,,
61879,user61879,password,,,
61910,user61910,password,,,
61915,user61915,password,,,
61968,user61968,password,,,
61985,user61985,password,,,
62012,user62012,password,,,
62014,user62014,password,,,
62042,user62042,password,,,
62055,user62055,password,,,
62091,user62091,password,,,
62133,user62133,password,,,
62141,user62141,password,,,
62151,user62151,password,,,
62252,user62252,password,,,
62280,user62280,password,,,
62319,user62319,password,,,
62323,user62323,password,,,
62332,user62332,password,,,
62348,user62348,password,,,
62354,user62354,password,,,
62394,user62394,password,,,
62474,user62474,password,,,
62547,user62547,password,,,
62565,user62565,password,,,
62572,user62572,password,,,
62637,user62637,password,,,
62686,user62686,password,,,
62691,user62691,password,,,
62787,user62787,password,,,
62795,user62795,password,,,
62815,user62815,password,,,
62819,user62819,password,,,
62847,user62847,password,,,
62857,user62857,password,,,
62880,user62880,password,,,
62974,user62974,password,,,
63024,user63024,password,,,
63060,user63060,password,,,
63086,user63086,password,,,
63198,user63198,password,,,
63213,user63213,password,,,
63347,user63347,password,,,
63348,user63348,password,,,
63375,user63375,password,,,
63395,user63395,password,,,
63405,user63405,password,,,
63438,user63438,password,,,
63458,user63458,password,,,
63491,user63491,password,,,
63542,user63542,password,,,
63556,user63556,password,,,
63578,user63578,password,,,
63594,user63594,password,,,
63631,user63631,password,,,
63698,user63698,password,,,
63717,user63717,password,,,
63725,user63725,password,,,
63729,user63729,password,,,
63872,user63872,password,,,
63873,user63873,password,,,
63973,user63973,password,,,
63991,user63991,password,,,
64012,user64012,password,,,
64063,user64063,password,,,
64070,user64070,password,,,
64264,user64264,password,,,
64294,user64294,password,,,
64344,user64344,password,,,
64363,user64363,password,,,
64364,user64364,password,,,
64370,user64370,password,,,
64411,user64411,password,,,
64423,user64423,password,,,
64472,user64472,password,,,
64500,user64500,password,,,
64515,user64515,password,,,
64540,user64540,password,,,
64560,user64560,password,,,
64581,user64581,password,,,
64587,user64587,password,,,
64621,user64621,password,,,
64642,user64642,password,,,
64712,user64712,password,,,
64821,user64821,password,,,
64854,user64854,password,,,
64886,user64886,password,,,
64949,user64949,password,,,
64969,user64969,password,,,
65081,user65081,password,,,
65135,user65135,password,,,
65174,user65174,password,,,
65279,user65279,password,,,
65293,user65293,password,,,
65298,user65298,password,,,
65301,user65301,password,,,
65308,user65308,password,,,
65403,user65403,password,,,
65436,user65436,password,,,
65500,user65500,password,,,
65523,user65523,password,,,
65595,user65595,password,,,
65647,user65647,password,,,
65713,user65713,password,,,
65805,user65805,password,,,
65851,user65851,password,,,
65867,user65867,password,,,
65869,user65869,password,,,
65881,user65881,password,,,
65905,user65905,password,,,
65914,user65914,password,,,
65932,user65932,password,,,
66022,user66022,password,,,
66063,user66063,password,,,
66134,user66134,password,,,
66149,user66149,password,,,
66152,user66152,password,,,
66164,user66164,password,,,
66190,user66190,password,,,
66207,user66207,password,,,
66227,user66227,password,,,
66328,user66328,password,,,
66390,user66390,password,,,
66406,user66406,password,,,
66416,user66416,password,,,
66457,user66457,password,,,
66527,user66527,password,,,
66532,user66532,password,,,
66533,user66533,password,,,
66541,user66541,password,,,
66544,user66544,password,,,
66553,user66553,password,,,
66650,user66650,password,,,
66745,user66745,password,,,
66770,user66770,password,,,
66778,user66778,password,,,
66784,user66784,password,,,
66831,user66831,password,,,
66892,user66892,password,,,
66893,user66893,password,,,
66902,user66902,password,,,
66929,user66929,password,,,
66968,user66968,password,,,
66978,user66978,password,,,
67010,user67010,password,,,
67033,user67033,password,,,
67042,user67042,password,,,
67068,user67068,password,,,
67171,user67171,password,,,
67189,user67189,password,,,
67199,user67199,password,,,
67267,user67267,password,,,
67303,user67303,password,,,
67306,user67306,password,,,
67325,user67325,password,,,
67363,user67363,password,,,
67401,user67401,password,,,
67410,user67410,password,,,
67488,user67488,password,,,
67500,user67500,password,,,
67538,user67538,password,,,
67542,user67542,password,,,
67594,user67594,password,,,
67635,user67635,password,,,
67666,user67666,password,,,
67687,user67687,password,,,
67756,user67756,password,,,
67795,user67795,password,,,
67840,user67840,password,,,
67841,user67841,password,,,
67901,user67901,password,,,
67907,user67907,password,,,
67920,user67920,password,,,
67924,user67924,password,,,
68044,user68044,password,,,
68046,user68046,password,,,
68087,user68087,password,,,
68093,user68093,password,,,
68117,user68117,password,,,
68151,user68151,password,,,
68163,user68163,password,,,
68180,user68180,password,,,
68228,user68228,password,,,
68304,user68304,password,,,
68393,user68393,password,,,
68396,user68396,password,,,
68424,user68424,password,,,
68441,user68441,password,,,
68516,user68516,password,,,
68523,user68523,password,,,
68623,user68623,password,,,
68637,user68637,password,,,
68660,user68660,password,,,
68722,user68722,password,,,
68773,user68773,password,,,
68810,user68810,password,,,
68829,user68829,password,,,
68864,user68864,password,,,
68883,user68883,password,,,
68899,user68899,password,,,
68912,user68912,password,,,
68934,user68934,password,,,
68943,user68943,password,,,
68947,user68947,password,,,
68986,user68986,password,,,
68988,user68988,password,,,
68989,user68989,password,,,
69002,user69002,password,,,
69022,user69022,password,,,
69043,user69043,password,,,
69066,user69066,password,,,
69068,user69068,password,,,
69135,user69135,password,,,
69153,user69153,password,,,
69195,user69195,password,,,
69213,user69213,password,,,
69232,user69232,password,,,
69245,user69245,password,,,
69291,user69291,password,,,
69341,user69341,password,,,
69374,user69374,password,,,
69378,user69378,password,,,
69388,user69388,password,,,
69393,user69393,password,,,
69469,user69469,password,,,
69504,user69504,password,,,
69576,user69576,password,,,
69590,user69590,password,,,
69625,user69625,password,,,
69668,user69668,password,,,
69716,user69716,password,,,
69719,user69719,password,,,
69767,user69767,password,,,
69805,user69805,password,,,
69820,user69820,password,,,
69866,user69866,password,,,
69875,user69875,password,,,
69891,user69891,password,,,
70037,user70037,password,,,
70062,user70062,password,,,
70078,user70078,password,,,
70100,user70100,password,,,
70102,user70102,password,,,
70116,user70116,password,,,
70120,user70120,password,,,
70142,user70142,password,,,
70188,user70188,password,,,
70287,user70287,password,,,
70299,user70299,password,,,
70313,user70313,password,,,
70331,user70331,password,,,
70342,user70342,password,,,
70362,user70362,password,,,
70369,user70369,password,,,
70374,user70374,password,,,
70421,user70421,password,,,
70485,user70485,password,,,
70520,user70520,password,,,
70525,user70525,password,,,
70542,user70542,password,,,
70560,user70560,password,,,
70617,user70617,password,,,
70623,user70623,password,,,
70642,user70642,password,,,
70698,user70698,password,,,
70742,user70742,password,,,
70743,user70743,password,,,
70753,user70753,password,,,
70760,user70760,password,,,
70782,user70782,password,,,
70789,user70789,password,,,
70793,user70793,password,,,
70806,user70806,password,,,
70816,user70816,password,,,
70878,user70878,password,,,
70974,user70974,password,,,
70981,user70981,password,,,
71037,user71037,password,,,
71052,user71052,password,,,
71055,user71055,password,,,
71107,user71107,password,,,
71116,user71116,password,,,
71149,user71149,password,,,
71278,user71278,password,,,
71287,user71287,password,,,
71291,user71291,password,,,
71307,user71307,password,,,
71323,user71323,password,,,
71331,user71331,password,,,
71420,user71420,password,,,
71478,user71478,password,,,
71483,user71483,password,,,
71487,user71487,password,,,
71497,user71497,password,,,
71509,user71509,password,,,
71525,user71525,password,,,
71529,user71529,password,,,
71534,user71534,password,,,
